{
    "RESULTS": {
        "GISS-E2-H.historical": {
            "forced": {
                "Land_30N50N": {
                    "annual": 1.1549259632229723,
                    "semi-annual": 0.3695792972517699
                },
                "Land_30S30N": {
                    "annual": 6.867182286952285,
                    "semi-annual": 1.1973130839359387
                },
                "Land_50S30S": {
                    "annual": 0.7833102360471575,
                    "semi-annual": 0.33415474921186844
                },
                "Land_50S50N": {
                    "annual": 4.804355868733509,
                    "semi-annual": 0.899283744186818
                },
                "Ocean_30N50N": {
                    "annual": 1.447189195760683,
                    "semi-annual": 0.3724802065559291
                },
                "Ocean_30S30N": {
                    "annual": 4.569082186991045,
                    "semi-annual": 1.5047969231749088
                },
                "Ocean_50S30S": {
                    "annual": 0.5919548020770594,
                    "semi-annual": 0.1928088759665084
                },
                "Ocean_50S50N": {
                    "annual": 3.310355604111878,
                    "semi-annual": 1.076677225895386
                },
                "Total_30N50N": {
                    "annual": 1.3116137610936278,
                    "semi-annual": 0.37113452911157135
                },
                "Total_30S30N": {
                    "annual": 5.156428181351081,
                    "semi-annual": 1.4262105285655087
                },
                "Total_50S30S": {
                    "annual": 0.6056973091238494,
                    "semi-annual": 0.2029598636798367
                },
                "Total_50S50N": {
                    "annual": 3.698557040790938,
                    "semi-annual": 1.0305832551729588
                }
            },
            "unforced": {
                "Land_30N50N": {
                    "interannual": 0.11037168355762557,
                    "seasonal-annual": 0.1504938958560814,
                    "sub-seasonal": 0.13618359698071195,
                    "synoptic": 0.06283897471189702
                },
                "Land_30S30N": {
                    "interannual": 0.31273408731700925,
                    "seasonal-annual": 0.30938138785840175,
                    "sub-seasonal": 0.24402021514695105,
                    "synoptic": 0.07556756458932476
                },
                "Land_50S30S": {
                    "interannual": 0.15285943106444666,
                    "seasonal-annual": 0.2042415774272863,
                    "sub-seasonal": 0.17215553403047001,
                    "synoptic": 0.07140970548940222
                },
                "Land_50S50N": {
                    "interannual": 0.24232739801284806,
                    "seasonal-annual": 0.25507915342816695,
                    "sub-seasonal": 0.20714108958572194,
                    "synoptic": 0.07142206771250155
                },
                "Ocean_30N50N": {
                    "interannual": 0.1324847179019073,
                    "seasonal-annual": 0.17559411659927668,
                    "sub-seasonal": 0.15438800790906432,
                    "synoptic": 0.0983234739839394
                },
                "Ocean_30S30N": {
                    "interannual": 0.6532431992538728,
                    "seasonal-annual": 0.63784160710743,
                    "sub-seasonal": 0.43471544075372676,
                    "synoptic": 0.1144667570515457
                },
                "Ocean_50S30S": {
                    "interannual": 0.0984395842657922,
                    "seasonal-annual": 0.1337093129524112,
                    "sub-seasonal": 0.12043392875811695,
                    "synoptic": 0.06911852119910643
                },
                "Ocean_50S50N": {
                    "interannual": 0.466928916495708,
                    "seasonal-annual": 0.46992093626879594,
                    "sub-seasonal": 0.3310183167321489,
                    "synoptic": 0.10256124019704362
                },
                "Total_30N50N": {
                    "interannual": 0.1222268958111772,
                    "seasonal-annual": 0.16395059473732418,
                    "sub-seasonal": 0.14594332294804857,
                    "synoptic": 0.08186287998113678
                },
                "Total_30S30N": {
                    "interannual": 0.5662162403574416,
                    "seasonal-annual": 0.5538940914679715,
                    "sub-seasonal": 0.38597775656598704,
                    "synoptic": 0.10452494256012687
                },
                "Total_50S30S": {
                    "interannual": 0.10234783558951795,
                    "seasonal-annual": 0.13877470420606905,
                    "sub-seasonal": 0.12414840140297365,
                    "synoptic": 0.06928306638918347
                },
                "Total_50S50N": {
                    "interannual": 0.4085683966082318,
                    "seasonal-annual": 0.41409638875538185,
                    "sub-seasonal": 0.29883002420715343,
                    "synoptic": 0.09447002911646334
                }
            }
        }
    },