{
    "RESULTS": {
        "GISS-E2-H.historical": {
            "forced": {
                "Land_30N50N": {
                    "annual": 1.154266721510137,
                    "semi-annual": 0.3692551744241903
                },
                "Land_30S30N": {
                    "annual": 6.8655960795131294,
                    "semi-annual": 1.1969126049181855
                },
                "Land_50S30S": {
                    "annual": 0.7829928891110198,
                    "semi-annual": 0.33398811326967975
                },
                "Land_50S50N": {
                    "annual": 4.803117924524398,
                    "semi-annual": 0.8989181591887316
                },
                "Ocean_30N50N": {
                    "annual": 1.4467988289024762,
                    "semi-annual": 0.37232162338162866
                },
                "Ocean_30S30N": {
                    "annual": 4.568654517465613,
                    "semi-annual": 1.5044899979603008
                },
                "Ocean_50S30S": {
                    "annual": 0.5918242629787758,
                    "semi-annual": 0.1927211439124904
                },
                "Ocean_50S50N": {
                    "annual": 3.3099973296409195,
                    "semi-annual": 1.0764366904440072
                },
                "Total_30N50N": {
                    "annual": 1.3110986682307972,
                    "semi-annual": 0.3708991551953958
                },
                "Total_30S30N": {
                    "annual": 5.155704413930364,
                    "semi-annual": 1.4258796929688142
                },
                "Total_50S30S": {
                    "annual": 0.6055533541116551,
                    "semi-annual": 0.20286646501255923
                },
                "Total_50S50N": {
                    "annual": 3.6979701926949535,
                    "semi-annual": 1.030310226813203
                }
            },
            "unforced": {
                "Land_30N50N": {
                    "interannual": 0.11027519561502575,
                    "seasonal-annual": 0.15034540027412407,
                    "sub-seasonal": 0.13605316533174094,
                    "synoptic": 0.06277267344693233
                },
                "Land_30S30N": {
                    "interannual": 0.31262787817502063,
                    "seasonal-annual": 0.30924523792899317,
                    "sub-seasonal": 0.243897137677461,
                    "synoptic": 0.07552274806731542
                },
                "Land_50S30S": {
                    "interannual": 0.1527755501819138,
                    "seasonal-annual": 0.2041066189679213,
                    "sub-seasonal": 0.17203311677473293,
                    "synoptic": 0.07133658627473073
                },
                "Land_50S50N": {
                    "interannual": 0.24222527413177844,
                    "seasonal-annual": 0.25493923345176356,
                    "sub-seasonal": 0.20701576396034696,
                    "synoptic": 0.07136923241812429
                },
                "Ocean_30N50N": {
                    "interannual": 0.13240454583620145,
                    "seasonal-annual": 0.17549307553001822,
                    "sub-seasonal": 0.15428702961801613,
                    "synoptic": 0.09824822890957895
                },
                "Ocean_30S30N": {
                    "interannual": 0.6531055721473543,
                    "seasonal-annual": 0.6376662281993245,
                    "sub-seasonal": 0.43458496427824367,
                    "synoptic": 0.11441802205292609
                },
                "Ocean_50S30S": {
                    "interannual": 0.09839333071364982,
                    "seasonal-annual": 0.13364245158376373,
                    "sub-seasonal": 0.12036603745194574,
                    "synoptic": 0.06906461136148313
                },
                "Ocean_50S50N": {
                    "interannual": 0.46681841351291453,
                    "seasonal-annual": 0.4697785382523058,
                    "sub-seasonal": 0.3309051790489744,
                    "synoptic": 0.10250804393167526
                },
                "Total_30N50N": {
                    "interannual": 0.12213915511604374,
                    "seasonal-annual": 0.1638275404092277,
                    "sub-seasonal": 0.14582868179640485,
                    "synoptic": 0.08179178377228893
                },
                "Total_30S30N": {
                    "interannual": 0.5660866430211011,
                    "seasonal-annual": 0.5537287386607875,
                    "sub-seasonal": 0.38584917112064354,
                    "synoptic": 0.10447720904161961
                },
                "Total_50S30S": {
                    "interannual": 0.10229887976839695,
                    "seasonal-annual": 0.13870295233219931,
                    "sub-seasonal": 0.12407659422553256,
                    "synoptic": 0.06922777699836948
                },
                "Total_50S50N": {
                    "interannual": 0.4084600708535113,
                    "seasonal-annual": 0.4139546346334961,
                    "sub-seasonal": 0.29871371960574444,
                    "synoptic": 0.09441692664589409
                }
            }
        }
    },